<?xml version="1.0" encoding="utf-8" standalone="yes"?>
<rss version="2.0" xmlns:atom="http://www.w3.org/2005/Atom" xmlns:content="http://purl.org/rss/1.0/modules/content/">
  <channel>
    <title>Categories on Blog của Nguyễn Võ Xuân Dương</title>
    <link>http://localhost:1313/Do_An_Mon_Hoc_Lap_Trinh_Mang/categories/</link>
    <description>Recent content in Categories on Blog của Nguyễn Võ Xuân Dương</description>
    <image>
      <title>Blog của Nguyễn Võ Xuân Dương</title>
      <url>http://localhost:1313/Do_An_Mon_Hoc_Lap_Trinh_Mang/images/profile.jpg</url>
      <link>http://localhost:1313/Do_An_Mon_Hoc_Lap_Trinh_Mang/images/profile.jpg</link>
    </image>
    <generator>Hugo -- 0.151.0</generator>
    <language>vi</language>
    <lastBuildDate>Thu, 09 Oct 2025 10:00:00 +0700</lastBuildDate>
    <atom:link href="http://localhost:1313/Do_An_Mon_Hoc_Lap_Trinh_Mang/categories/index.xml" rel="self" type="application/rss+xml" />
    <item>
      <title>Java</title>
      <link>http://localhost:1313/Do_An_Mon_Hoc_Lap_Trinh_Mang/categories/java/</link>
      <pubDate>Thu, 09 Oct 2025 10:00:00 +0700</pubDate>
      <guid>http://localhost:1313/Do_An_Mon_Hoc_Lap_Trinh_Mang/categories/java/</guid>
      <description></description>
    </item>
    <item>
      <title>JavaScript</title>
      <link>http://localhost:1313/Do_An_Mon_Hoc_Lap_Trinh_Mang/categories/javascript/</link>
      <pubDate>Thu, 09 Oct 2025 10:00:00 +0700</pubDate>
      <guid>http://localhost:1313/Do_An_Mon_Hoc_Lap_Trinh_Mang/categories/javascript/</guid>
      <description></description>
    </item>
    <item>
      <title>Web Development</title>
      <link>http://localhost:1313/Do_An_Mon_Hoc_Lap_Trinh_Mang/categories/web-development/</link>
      <pubDate>Thu, 09 Oct 2025 10:00:00 +0700</pubDate>
      <guid>http://localhost:1313/Do_An_Mon_Hoc_Lap_Trinh_Mang/categories/web-development/</guid>
      <description></description>
    </item>
    <item>
      <title>Tools</title>
      <link>http://localhost:1313/Do_An_Mon_Hoc_Lap_Trinh_Mang/categories/tools/</link>
      <pubDate>Thu, 02 Oct 2025 10:00:00 +0700</pubDate>
      <guid>http://localhost:1313/Do_An_Mon_Hoc_Lap_Trinh_Mang/categories/tools/</guid>
      <description></description>
    </item>
  </channel>
</rss>
