<?xml version="1.0" encoding="utf-8" standalone="yes"?>
<rss version="2.0" xmlns:atom="http://www.w3.org/2005/Atom" xmlns:content="http://purl.org/rss/1.0/modules/content/">
  <channel>
    <title>Series on Blog của Nguyễn Võ Xuân Dương</title>
    <link>http://localhost:1313/Do_An_Mon_Hoc_Lap_Trinh_Mang/series/</link>
    <description>Recent content in Series on Blog của Nguyễn Võ Xuân Dương</description>
    <image>
      <title>Blog của Nguyễn Võ Xuân Dương</title>
      <url>http://localhost:1313/Do_An_Mon_Hoc_Lap_Trinh_Mang/images/profile.jpg</url>
      <link>http://localhost:1313/Do_An_Mon_Hoc_Lap_Trinh_Mang/images/profile.jpg</link>
    </image>
    <generator>Hugo -- 0.151.0</generator>
    <language>vi</language>
    <atom:link href="http://localhost:1313/Do_An_Mon_Hoc_Lap_Trinh_Mang/series/index.xml" rel="self" type="application/rss+xml" />
  </channel>
</rss>
