<?xml version="1.0" encoding="utf-8" standalone="yes"?>
<rss version="2.0" xmlns:atom="http://www.w3.org/2005/Atom" xmlns:content="http://purl.org/rss/1.0/modules/content/">
  <channel>
    <title>Tags on Blog của Nguyễn Võ Xuân Dương</title>
    <link>http://localhost:1313/Do_An_Mon_Hoc_Lap_Trinh_Mang/tags/</link>
    <description>Recent content in Tags on Blog của Nguyễn Võ Xuân Dương</description>
    <image>
      <title>Blog của Nguyễn Võ Xuân Dương</title>
      <url>http://localhost:1313/Do_An_Mon_Hoc_Lap_Trinh_Mang/images/profile.jpg</url>
      <link>http://localhost:1313/Do_An_Mon_Hoc_Lap_Trinh_Mang/images/profile.jpg</link>
    </image>
    <generator>Hugo -- 0.151.0</generator>
    <language>vi</language>
    <lastBuildDate>Thu, 09 Oct 2025 10:00:00 +0700</lastBuildDate>
    <atom:link href="http://localhost:1313/Do_An_Mon_Hoc_Lap_Trinh_Mang/tags/index.xml" rel="self" type="application/rss+xml" />
    <item>
      <title>Java</title>
      <link>http://localhost:1313/Do_An_Mon_Hoc_Lap_Trinh_Mang/tags/java/</link>
      <pubDate>Thu, 09 Oct 2025 10:00:00 +0700</pubDate>
      <guid>http://localhost:1313/Do_An_Mon_Hoc_Lap_Trinh_Mang/tags/java/</guid>
      <description></description>
    </item>
    <item>
      <title>JavaScript</title>
      <link>http://localhost:1313/Do_An_Mon_Hoc_Lap_Trinh_Mang/tags/javascript/</link>
      <pubDate>Thu, 09 Oct 2025 10:00:00 +0700</pubDate>
      <guid>http://localhost:1313/Do_An_Mon_Hoc_Lap_Trinh_Mang/tags/javascript/</guid>
      <description></description>
    </item>
    <item>
      <title>Spring Boot</title>
      <link>http://localhost:1313/Do_An_Mon_Hoc_Lap_Trinh_Mang/tags/spring-boot/</link>
      <pubDate>Thu, 09 Oct 2025 10:00:00 +0700</pubDate>
      <guid>http://localhost:1313/Do_An_Mon_Hoc_Lap_Trinh_Mang/tags/spring-boot/</guid>
      <description></description>
    </item>
    <item>
      <title>Tutorial</title>
      <link>http://localhost:1313/Do_An_Mon_Hoc_Lap_Trinh_Mang/tags/tutorial/</link>
      <pubDate>Thu, 09 Oct 2025 10:00:00 +0700</pubDate>
      <guid>http://localhost:1313/Do_An_Mon_Hoc_Lap_Trinh_Mang/tags/tutorial/</guid>
      <description></description>
    </item>
    <item>
      <title>Web Development</title>
      <link>http://localhost:1313/Do_An_Mon_Hoc_Lap_Trinh_Mang/tags/web-development/</link>
      <pubDate>Thu, 09 Oct 2025 10:00:00 +0700</pubDate>
      <guid>http://localhost:1313/Do_An_Mon_Hoc_Lap_Trinh_Mang/tags/web-development/</guid>
      <description></description>
    </item>
    <item>
      <title>Comparison</title>
      <link>http://localhost:1313/Do_An_Mon_Hoc_Lap_Trinh_Mang/tags/comparison/</link>
      <pubDate>Wed, 08 Oct 2025 10:00:00 +0700</pubDate>
      <guid>http://localhost:1313/Do_An_Mon_Hoc_Lap_Trinh_Mang/tags/comparison/</guid>
      <description></description>
    </item>
    <item>
      <title>Programming</title>
      <link>http://localhost:1313/Do_An_Mon_Hoc_Lap_Trinh_Mang/tags/programming/</link>
      <pubDate>Wed, 08 Oct 2025 10:00:00 +0700</pubDate>
      <guid>http://localhost:1313/Do_An_Mon_Hoc_Lap_Trinh_Mang/tags/programming/</guid>
      <description></description>
    </item>
    <item>
      <title>ES6</title>
      <link>http://localhost:1313/Do_An_Mon_Hoc_Lap_Trinh_Mang/tags/es6/</link>
      <pubDate>Tue, 07 Oct 2025 10:00:00 +0700</pubDate>
      <guid>http://localhost:1313/Do_An_Mon_Hoc_Lap_Trinh_Mang/tags/es6/</guid>
      <description></description>
    </item>
    <item>
      <title>Modern JavaScript</title>
      <link>http://localhost:1313/Do_An_Mon_Hoc_Lap_Trinh_Mang/tags/modern-javascript/</link>
      <pubDate>Tue, 07 Oct 2025 10:00:00 +0700</pubDate>
      <guid>http://localhost:1313/Do_An_Mon_Hoc_Lap_Trinh_Mang/tags/modern-javascript/</guid>
      <description></description>
    </item>
    <item>
      <title>DOM</title>
      <link>http://localhost:1313/Do_An_Mon_Hoc_Lap_Trinh_Mang/tags/dom/</link>
      <pubDate>Mon, 06 Oct 2025 10:00:00 +0700</pubDate>
      <guid>http://localhost:1313/Do_An_Mon_Hoc_Lap_Trinh_Mang/tags/dom/</guid>
      <description></description>
    </item>
    <item>
      <title>Exception Handling</title>
      <link>http://localhost:1313/Do_An_Mon_Hoc_Lap_Trinh_Mang/tags/exception-handling/</link>
      <pubDate>Sat, 04 Oct 2025 10:00:00 +0700</pubDate>
      <guid>http://localhost:1313/Do_An_Mon_Hoc_Lap_Trinh_Mang/tags/exception-handling/</guid>
      <description></description>
    </item>
    <item>
      <title>OOP</title>
      <link>http://localhost:1313/Do_An_Mon_Hoc_Lap_Trinh_Mang/tags/oop/</link>
      <pubDate>Fri, 03 Oct 2025 10:00:00 +0700</pubDate>
      <guid>http://localhost:1313/Do_An_Mon_Hoc_Lap_Trinh_Mang/tags/oop/</guid>
      <description></description>
    </item>
    <item>
      <title>Setup</title>
      <link>http://localhost:1313/Do_An_Mon_Hoc_Lap_Trinh_Mang/tags/setup/</link>
      <pubDate>Thu, 02 Oct 2025 10:00:00 +0700</pubDate>
      <guid>http://localhost:1313/Do_An_Mon_Hoc_Lap_Trinh_Mang/tags/setup/</guid>
      <description></description>
    </item>
    <item>
      <title>VSCode</title>
      <link>http://localhost:1313/Do_An_Mon_Hoc_Lap_Trinh_Mang/tags/vscode/</link>
      <pubDate>Thu, 02 Oct 2025 10:00:00 +0700</pubDate>
      <guid>http://localhost:1313/Do_An_Mon_Hoc_Lap_Trinh_Mang/tags/vscode/</guid>
      <description></description>
    </item>
  </channel>
</rss>
