<?xml version="1.0" encoding="utf-8" standalone="yes"?>
<rss version="2.0" xmlns:atom="http://www.w3.org/2005/Atom" xmlns:content="http://purl.org/rss/1.0/modules/content/">
  <channel>
    <title>Web Development on Blog của Nguyễn Võ Xuân Dương</title>
    <link>http://localhost:1313/Do_An_Mon_Hoc_Lap_Trinh_Mang/tags/web-development/</link>
    <description>Recent content in Web Development on Blog của Nguyễn Võ Xuân Dương</description>
    <image>
      <title>Blog của Nguyễn Võ Xuân Dương</title>
      <url>http://localhost:1313/Do_An_Mon_Hoc_Lap_Trinh_Mang/images/profile.jpg</url>
      <link>http://localhost:1313/Do_An_Mon_Hoc_Lap_Trinh_Mang/images/profile.jpg</link>
    </image>
    <generator>Hugo -- 0.151.0</generator>
    <language>vi</language>
    <lastBuildDate>Thu, 09 Oct 2025 10:00:00 +0700</lastBuildDate>
    <atom:link href="http://localhost:1313/Do_An_Mon_Hoc_Lap_Trinh_Mang/tags/web-development/index.xml" rel="self" type="application/rss+xml" />
    <item>
      <title>Tạo ứng dụng Web đầu tiên với Java Spring Boot và JavaScript</title>
      <link>http://localhost:1313/Do_An_Mon_Hoc_Lap_Trinh_Mang/posts/09-spring-boot-javascript-app/</link>
      <pubDate>Thu, 09 Oct 2025 10:00:00 +0700</pubDate>
      <guid>http://localhost:1313/Do_An_Mon_Hoc_Lap_Trinh_Mang/posts/09-spring-boot-javascript-app/</guid>
      <description>Hướng dẫn chi tiết từng bước tạo ứng dụng web fullstack với Java Spring Boot backend và JavaScript frontend - Todo List Application.</description>
    </item>
    <item>
      <title>DOM trong JavaScript là gì?</title>
      <link>http://localhost:1313/Do_An_Mon_Hoc_Lap_Trinh_Mang/posts/06-dom-javascript/</link>
      <pubDate>Mon, 06 Oct 2025 10:00:00 +0700</pubDate>
      <guid>http://localhost:1313/Do_An_Mon_Hoc_Lap_Trinh_Mang/posts/06-dom-javascript/</guid>
      <description>Tìm hiểu về DOM (Document Object Model) - cách JavaScript tương tác với HTML để tạo website động và interactive.</description>
    </item>
    <item>
      <title>Giới thiệu JavaScript và cú pháp cơ bản</title>
      <link>http://localhost:1313/Do_An_Mon_Hoc_Lap_Trinh_Mang/posts/05-javascript-co-ban/</link>
      <pubDate>Sun, 05 Oct 2025 10:00:00 +0700</pubDate>
      <guid>http://localhost:1313/Do_An_Mon_Hoc_Lap_Trinh_Mang/posts/05-javascript-co-ban/</guid>
      <description>Tìm hiểu về JavaScript - ngôn ngữ lập trình phổ biến nhất cho Web Development, cú pháp cơ bản và các khái niệm quan trọng.</description>
    </item>
    <item>
      <title>Giới thiệu về ngôn ngữ Java</title>
      <link>http://localhost:1313/Do_An_Mon_Hoc_Lap_Trinh_Mang/posts/01-gioi-thieu-java/</link>
      <pubDate>Wed, 01 Oct 2025 10:00:00 +0700</pubDate>
      <guid>http://localhost:1313/Do_An_Mon_Hoc_Lap_Trinh_Mang/posts/01-gioi-thieu-java/</guid>
      <description>Tìm hiểu về ngôn ngữ lập trình Java - một trong những ngôn ngữ phổ biến nhất thế giới, lịch sử phát triển và ứng dụng thực tế.</description>
    </item>
  </channel>
</rss>
