<?xml version="1.0" encoding="utf-8" standalone="yes"?>
<rss version="2.0" xmlns:atom="http://www.w3.org/2005/Atom" xmlns:content="http://purl.org/rss/1.0/modules/content/">
  <channel>
    <title>Programming on Blog của Nguyễn Võ Xuân Dương</title>
    <link>http://localhost:1313/Do_An_Mon_Hoc_Lap_Trinh_Mang/tags/programming/</link>
    <description>Recent content in Programming on Blog của Nguyễn Võ Xuân Dương</description>
    <image>
      <title>Blog của Nguyễn Võ Xuân Dương</title>
      <url>http://localhost:1313/Do_An_Mon_Hoc_Lap_Trinh_Mang/images/profile.jpg</url>
      <link>http://localhost:1313/Do_An_Mon_Hoc_Lap_Trinh_Mang/images/profile.jpg</link>
    </image>
    <generator>Hugo -- 0.151.0</generator>
    <language>vi</language>
    <lastBuildDate>Wed, 08 Oct 2025 10:00:00 +0700</lastBuildDate>
    <atom:link href="http://localhost:1313/Do_An_Mon_Hoc_Lap_Trinh_Mang/tags/programming/index.xml" rel="self" type="application/rss+xml" />
    <item>
      <title>So sánh Java và JavaScript</title>
      <link>http://localhost:1313/Do_An_Mon_Hoc_Lap_Trinh_Mang/posts/08-so-sanh-java-javascript/</link>
      <pubDate>Wed, 08 Oct 2025 10:00:00 +0700</pubDate>
      <guid>http://localhost:1313/Do_An_Mon_Hoc_Lap_Trinh_Mang/posts/08-so-sanh-java-javascript/</guid>
      <description>Phân tích chi tiết sự khác biệt giữa Java và JavaScript: cú pháp, ứng dụng, hiệu năng, và khi nào nên dùng ngôn ngữ nào.</description>
    </item>
    <item>
      <title>Giới thiệu JavaScript và cú pháp cơ bản</title>
      <link>http://localhost:1313/Do_An_Mon_Hoc_Lap_Trinh_Mang/posts/05-javascript-co-ban/</link>
      <pubDate>Sun, 05 Oct 2025 10:00:00 +0700</pubDate>
      <guid>http://localhost:1313/Do_An_Mon_Hoc_Lap_Trinh_Mang/posts/05-javascript-co-ban/</guid>
      <description>Tìm hiểu về JavaScript - ngôn ngữ lập trình phổ biến nhất cho Web Development, cú pháp cơ bản và các khái niệm quan trọng.</description>
    </item>
    <item>
      <title>Xử lý ngoại lệ trong Java</title>
      <link>http://localhost:1313/Do_An_Mon_Hoc_Lap_Trinh_Mang/posts/04-xu-ly-ngoai-le-java/</link>
      <pubDate>Sat, 04 Oct 2025 10:00:00 +0700</pubDate>
      <guid>http://localhost:1313/Do_An_Mon_Hoc_Lap_Trinh_Mang/posts/04-xu-ly-ngoai-le-java/</guid>
      <description>Hướng dẫn chi tiết về xử lý ngoại lệ (Exception Handling) trong Java: try-catch, throw, throws, custom exception và best practices.</description>
    </item>
    <item>
      <title>Lập trình hướng đối tượng trong Java</title>
      <link>http://localhost:1313/Do_An_Mon_Hoc_Lap_Trinh_Mang/posts/03-lap-trinh-huong-doi-tuong-java/</link>
      <pubDate>Fri, 03 Oct 2025 10:00:00 +0700</pubDate>
      <guid>http://localhost:1313/Do_An_Mon_Hoc_Lap_Trinh_Mang/posts/03-lap-trinh-huong-doi-tuong-java/</guid>
      <description>Tìm hiểu chi tiết về 4 trọng tâm của lập trình hướng đối tượng: Encapsulation, Inheritance, Polymorphism và Abstraction trong Java.</description>
    </item>
    <item>
      <title>Giới thiệu về ngôn ngữ Java</title>
      <link>http://localhost:1313/Do_An_Mon_Hoc_Lap_Trinh_Mang/posts/01-gioi-thieu-java/</link>
      <pubDate>Wed, 01 Oct 2025 10:00:00 +0700</pubDate>
      <guid>http://localhost:1313/Do_An_Mon_Hoc_Lap_Trinh_Mang/posts/01-gioi-thieu-java/</guid>
      <description>Tìm hiểu về ngôn ngữ lập trình Java - một trong những ngôn ngữ phổ biến nhất thế giới, lịch sử phát triển và ứng dụng thực tế.</description>
    </item>
  </channel>
</rss>
