<?xml version="1.0" encoding="utf-8" standalone="yes"?>
<rss version="2.0" xmlns:atom="http://www.w3.org/2005/Atom" xmlns:content="http://purl.org/rss/1.0/modules/content/">
  <channel>
    <title>Home on Blog của Nguyễn Võ Xuân Dương</title>
    <link>http://localhost:1313/Do_An_Mon_Hoc_Lap_Trinh_Mang/</link>
    <description>Recent content in Home on Blog của Nguyễn Võ Xuân Dương</description>
    <image>
      <title>Blog của Nguyễn Võ Xuân Dương</title>
      <url>http://localhost:1313/Do_An_Mon_Hoc_Lap_Trinh_Mang/images/profile.jpg</url>
      <link>http://localhost:1313/Do_An_Mon_Hoc_Lap_Trinh_Mang/images/profile.jpg</link>
    </image>
    <generator>Hugo -- 0.151.0</generator>
    <language>vi</language>
    <lastBuildDate>Fri, 17 Oct 2025 00:00:00 +0000</lastBuildDate>
    <atom:link href="http://localhost:1313/Do_An_Mon_Hoc_Lap_Trinh_Mang/index.xml" rel="self" type="application/rss+xml" />
    <item>
      <title>Về tôi</title>
      <link>http://localhost:1313/Do_An_Mon_Hoc_Lap_Trinh_Mang/about/</link>
      <pubDate>Fri, 17 Oct 2025 00:00:00 +0000</pubDate>
      <guid>http://localhost:1313/Do_An_Mon_Hoc_Lap_Trinh_Mang/about/</guid>
      <description>&lt;h2 id=&#34;-xin-chào&#34;&gt;👋 Xin chào!&lt;/h2&gt;
&lt;p&gt;Tôi là &lt;strong&gt;Nguyễn Võ Xuân Dương&lt;/strong&gt;, sinh viên năm 3 ngành Công nghệ thông tin tại Đại học Công nghệ TP.HCM (HUTECH).&lt;/p&gt;
&lt;h2 id=&#34;-về-tôi&#34;&gt;🎯 Về tôi&lt;/h2&gt;
&lt;p&gt;Tôi đam mê lập trình và phát triển phần mềm, đặc biệt quan tâm đến:&lt;/p&gt;
&lt;ul&gt;
&lt;li&gt;&lt;strong&gt;Lập trình Web Full-stack&lt;/strong&gt;&lt;/li&gt;
&lt;li&gt;&lt;strong&gt;Java &amp;amp; Spring Boot&lt;/strong&gt;&lt;/li&gt;
&lt;li&gt;&lt;strong&gt;JavaScript &amp;amp; Node.js&lt;/strong&gt;&lt;/li&gt;
&lt;li&gt;&lt;strong&gt;Phát triển ứng dụng hiện đại&lt;/strong&gt;&lt;/li&gt;
&lt;/ul&gt;
&lt;h2 id=&#34;-blog-này&#34;&gt;📚 Blog này&lt;/h2&gt;
&lt;p&gt;Blog này là nơi tôi:&lt;/p&gt;
&lt;ul&gt;
&lt;li&gt;✍️ Chia sẻ kiến thức và kinh nghiệm trong quá trình học tập&lt;/li&gt;
&lt;li&gt;📖 Ghi chép lại những gì tôi học được về lập trình&lt;/li&gt;
&lt;li&gt;💡 Chia sẻ các bài hướng dẫn và tips hữu ích&lt;/li&gt;
&lt;li&gt;🚀 Lưu trữ hành trình phát triển kỹ năng lập trình của bản thân&lt;/li&gt;
&lt;/ul&gt;
&lt;h2 id=&#34;-kỹ-năng&#34;&gt;🛠️ Kỹ năng&lt;/h2&gt;
&lt;h3 id=&#34;ngôn-ngữ-lập-trình&#34;&gt;Ngôn ngữ lập trình&lt;/h3&gt;
&lt;ul&gt;
&lt;li&gt;Java&lt;/li&gt;
&lt;li&gt;JavaScript (ES6+)&lt;/li&gt;
&lt;li&gt;HTML/CSS&lt;/li&gt;
&lt;li&gt;SQL&lt;/li&gt;
&lt;/ul&gt;
&lt;h3 id=&#34;frameworks--tools&#34;&gt;Frameworks &amp;amp; Tools&lt;/h3&gt;
&lt;ul&gt;
&lt;li&gt;Spring Boot&lt;/li&gt;
&lt;li&gt;Node.js&lt;/li&gt;
&lt;li&gt;Git &amp;amp; GitHub&lt;/li&gt;
&lt;li&gt;VS Code&lt;/li&gt;
&lt;li&gt;Maven&lt;/li&gt;
&lt;/ul&gt;
&lt;h2 id=&#34;-học-vấn&#34;&gt;🎓 Học vấn&lt;/h2&gt;
&lt;p&gt;&lt;strong&gt;Đại học Công nghệ TP.HCM (HUTECH)&lt;/strong&gt;&lt;/p&gt;</description>
    </item>
    <item>
      <title>Tạo ứng dụng Web đầu tiên với Java Spring Boot và JavaScript</title>
      <link>http://localhost:1313/Do_An_Mon_Hoc_Lap_Trinh_Mang/posts/09-spring-boot-javascript-app/</link>
      <pubDate>Thu, 09 Oct 2025 10:00:00 +0700</pubDate>
      <guid>http://localhost:1313/Do_An_Mon_Hoc_Lap_Trinh_Mang/posts/09-spring-boot-javascript-app/</guid>
      <description>Hướng dẫn chi tiết từng bước tạo ứng dụng web fullstack với Java Spring Boot backend và JavaScript frontend - Todo List Application.</description>
    </item>
    <item>
      <title>So sánh Java và JavaScript</title>
      <link>http://localhost:1313/Do_An_Mon_Hoc_Lap_Trinh_Mang/posts/08-so-sanh-java-javascript/</link>
      <pubDate>Wed, 08 Oct 2025 10:00:00 +0700</pubDate>
      <guid>http://localhost:1313/Do_An_Mon_Hoc_Lap_Trinh_Mang/posts/08-so-sanh-java-javascript/</guid>
      <description>Phân tích chi tiết sự khác biệt giữa Java và JavaScript: cú pháp, ứng dụng, hiệu năng, và khi nào nên dùng ngôn ngữ nào.</description>
    </item>
    <item>
      <title>ES6 và những tính năng mới trong JavaScript</title>
      <link>http://localhost:1313/Do_An_Mon_Hoc_Lap_Trinh_Mang/posts/07-es6-javascript/</link>
      <pubDate>Tue, 07 Oct 2025 10:00:00 +0700</pubDate>
      <guid>http://localhost:1313/Do_An_Mon_Hoc_Lap_Trinh_Mang/posts/07-es6-javascript/</guid>
      <description>Khám phá các tính năng mới và quan trọng trong ES6 (ECMAScript 2015) và các phiên bản sau: Arrow Functions, Destructuring, Promises, Async/Await...</description>
    </item>
    <item>
      <title>DOM trong JavaScript là gì?</title>
      <link>http://localhost:1313/Do_An_Mon_Hoc_Lap_Trinh_Mang/posts/06-dom-javascript/</link>
      <pubDate>Mon, 06 Oct 2025 10:00:00 +0700</pubDate>
      <guid>http://localhost:1313/Do_An_Mon_Hoc_Lap_Trinh_Mang/posts/06-dom-javascript/</guid>
      <description>Tìm hiểu về DOM (Document Object Model) - cách JavaScript tương tác với HTML để tạo website động và interactive.</description>
    </item>
    <item>
      <title>Giới thiệu JavaScript và cú pháp cơ bản</title>
      <link>http://localhost:1313/Do_An_Mon_Hoc_Lap_Trinh_Mang/posts/05-javascript-co-ban/</link>
      <pubDate>Sun, 05 Oct 2025 10:00:00 +0700</pubDate>
      <guid>http://localhost:1313/Do_An_Mon_Hoc_Lap_Trinh_Mang/posts/05-javascript-co-ban/</guid>
      <description>Tìm hiểu về JavaScript - ngôn ngữ lập trình phổ biến nhất cho Web Development, cú pháp cơ bản và các khái niệm quan trọng.</description>
    </item>
    <item>
      <title>Xử lý ngoại lệ trong Java</title>
      <link>http://localhost:1313/Do_An_Mon_Hoc_Lap_Trinh_Mang/posts/04-xu-ly-ngoai-le-java/</link>
      <pubDate>Sat, 04 Oct 2025 10:00:00 +0700</pubDate>
      <guid>http://localhost:1313/Do_An_Mon_Hoc_Lap_Trinh_Mang/posts/04-xu-ly-ngoai-le-java/</guid>
      <description>Hướng dẫn chi tiết về xử lý ngoại lệ (Exception Handling) trong Java: try-catch, throw, throws, custom exception và best practices.</description>
    </item>
    <item>
      <title>Lập trình hướng đối tượng trong Java</title>
      <link>http://localhost:1313/Do_An_Mon_Hoc_Lap_Trinh_Mang/posts/03-lap-trinh-huong-doi-tuong-java/</link>
      <pubDate>Fri, 03 Oct 2025 10:00:00 +0700</pubDate>
      <guid>http://localhost:1313/Do_An_Mon_Hoc_Lap_Trinh_Mang/posts/03-lap-trinh-huong-doi-tuong-java/</guid>
      <description>Tìm hiểu chi tiết về 4 trọng tâm của lập trình hướng đối tượng: Encapsulation, Inheritance, Polymorphism và Abstraction trong Java.</description>
    </item>
    <item>
      <title>Hướng dẫn cài đặt môi trường Java &amp; VSCode</title>
      <link>http://localhost:1313/Do_An_Mon_Hoc_Lap_Trinh_Mang/posts/02-cai-dat-java-vscode/</link>
      <pubDate>Thu, 02 Oct 2025 10:00:00 +0700</pubDate>
      <guid>http://localhost:1313/Do_An_Mon_Hoc_Lap_Trinh_Mang/posts/02-cai-dat-java-vscode/</guid>
      <description>Hướng dẫn chi tiết từng bước cài đặt JDK, môi trường phát triển Java và Visual Studio Code để bắt đầu lập trình Java.</description>
    </item>
    <item>
      <title>Giới thiệu về ngôn ngữ Java</title>
      <link>http://localhost:1313/Do_An_Mon_Hoc_Lap_Trinh_Mang/posts/01-gioi-thieu-java/</link>
      <pubDate>Wed, 01 Oct 2025 10:00:00 +0700</pubDate>
      <guid>http://localhost:1313/Do_An_Mon_Hoc_Lap_Trinh_Mang/posts/01-gioi-thieu-java/</guid>
      <description>Tìm hiểu về ngôn ngữ lập trình Java - một trong những ngôn ngữ phổ biến nhất thế giới, lịch sử phát triển và ứng dụng thực tế.</description>
    </item>
  </channel>
</rss>
