<?xml version="1.0" encoding="utf-8" standalone="yes"?>
<rss version="2.0" xmlns:atom="http://www.w3.org/2005/Atom" xmlns:content="http://purl.org/rss/1.0/modules/content/">
  <channel>
    <title>Tools on Blog của Nguyễn Võ Xuân Dương</title>
    <link>http://localhost:1313/Do_An_Mon_Hoc_Lap_Trinh_Mang/categories/tools/</link>
    <description>Recent content in Tools on Blog của Nguyễn Võ Xuân Dương</description>
    <image>
      <title>Blog của Nguyễn Võ Xuân Dương</title>
      <url>http://localhost:1313/Do_An_Mon_Hoc_Lap_Trinh_Mang/images/profile.jpg</url>
      <link>http://localhost:1313/Do_An_Mon_Hoc_Lap_Trinh_Mang/images/profile.jpg</link>
    </image>
    <generator>Hugo -- 0.151.0</generator>
    <language>vi</language>
    <lastBuildDate>Thu, 02 Oct 2025 10:00:00 +0700</lastBuildDate>
    <atom:link href="http://localhost:1313/Do_An_Mon_Hoc_Lap_Trinh_Mang/categories/tools/index.xml" rel="self" type="application/rss+xml" />
    <item>
      <title>Hướng dẫn cài đặt môi trường Java &amp; VSCode</title>
      <link>http://localhost:1313/Do_An_Mon_Hoc_Lap_Trinh_Mang/posts/02-cai-dat-java-vscode/</link>
      <pubDate>Thu, 02 Oct 2025 10:00:00 +0700</pubDate>
      <guid>http://localhost:1313/Do_An_Mon_Hoc_Lap_Trinh_Mang/posts/02-cai-dat-java-vscode/</guid>
      <description>Hướng dẫn chi tiết từng bước cài đặt JDK, môi trường phát triển Java và Visual Studio Code để bắt đầu lập trình Java.</description>
    </item>
  </channel>
</rss>
