<?xml version="1.0" encoding="utf-8" standalone="yes"?>
<rss version="2.0" xmlns:atom="http://www.w3.org/2005/Atom" xmlns:content="http://purl.org/rss/1.0/modules/content/">
  <channel>
    <title>Modern JavaScript on Blog của Nguyễn Võ Xuân Dương</title>
    <link>http://localhost:1313/Do_An_Mon_Hoc_Lap_Trinh_Mang/tags/modern-javascript/</link>
    <description>Recent content in Modern JavaScript on Blog của Nguyễn Võ Xuân Dương</description>
    <image>
      <title>Blog của Nguyễn Võ Xuân Dương</title>
      <url>http://localhost:1313/Do_An_Mon_Hoc_Lap_Trinh_Mang/images/profile.jpg</url>
      <link>http://localhost:1313/Do_An_Mon_Hoc_Lap_Trinh_Mang/images/profile.jpg</link>
    </image>
    <generator>Hugo -- 0.151.0</generator>
    <language>vi</language>
    <lastBuildDate>Tue, 07 Oct 2025 10:00:00 +0700</lastBuildDate>
    <atom:link href="http://localhost:1313/Do_An_Mon_Hoc_Lap_Trinh_Mang/tags/modern-javascript/index.xml" rel="self" type="application/rss+xml" />
    <item>
      <title>ES6 và những tính năng mới trong JavaScript</title>
      <link>http://localhost:1313/Do_An_Mon_Hoc_Lap_Trinh_Mang/posts/07-es6-javascript/</link>
      <pubDate>Tue, 07 Oct 2025 10:00:00 +0700</pubDate>
      <guid>http://localhost:1313/Do_An_Mon_Hoc_Lap_Trinh_Mang/posts/07-es6-javascript/</guid>
      <description>Khám phá các tính năng mới và quan trọng trong ES6 (ECMAScript 2015) và các phiên bản sau: Arrow Functions, Destructuring, Promises, Async/Await...</description>
    </item>
  </channel>
</rss>
