<?xml version="1.0" encoding="utf-8" standalone="yes"?>
<rss version="2.0" xmlns:atom="http://www.w3.org/2005/Atom" xmlns:content="http://purl.org/rss/1.0/modules/content/">
  <channel>
    <title>OOP on Blog của Nguyễn Võ Xuân Dương</title>
    <link>http://localhost:1313/Do_An_Mon_Hoc_Lap_Trinh_Mang/tags/oop/</link>
    <description>Recent content in OOP on Blog của Nguyễn Võ Xuân Dương</description>
    <image>
      <title>Blog của Nguyễn Võ Xuân Dương</title>
      <url>http://localhost:1313/Do_An_Mon_Hoc_Lap_Trinh_Mang/images/profile.jpg</url>
      <link>http://localhost:1313/Do_An_Mon_Hoc_Lap_Trinh_Mang/images/profile.jpg</link>
    </image>
    <generator>Hugo -- 0.151.0</generator>
    <language>vi</language>
    <lastBuildDate>Fri, 03 Oct 2025 10:00:00 +0700</lastBuildDate>
    <atom:link href="http://localhost:1313/Do_An_Mon_Hoc_Lap_Trinh_Mang/tags/oop/index.xml" rel="self" type="application/rss+xml" />
    <item>
      <title>Lập trình hướng đối tượng trong Java</title>
      <link>http://localhost:1313/Do_An_Mon_Hoc_Lap_Trinh_Mang/posts/03-lap-trinh-huong-doi-tuong-java/</link>
      <pubDate>Fri, 03 Oct 2025 10:00:00 +0700</pubDate>
      <guid>http://localhost:1313/Do_An_Mon_Hoc_Lap_Trinh_Mang/posts/03-lap-trinh-huong-doi-tuong-java/</guid>
      <description>Tìm hiểu chi tiết về 4 trọng tâm của lập trình hướng đối tượng: Encapsulation, Inheritance, Polymorphism và Abstraction trong Java.</description>
    </item>
  </channel>
</rss>
